-- Seed TLD achievements
INSERT OR IGNORE INTO achievements (id, code, title, description) VALUES
  ('ach_tld_af', 'tld_af', 'Afghanistan', 'Visited a site ending in .af.'),
  ('ach_tld_ax', 'tld_ax', 'Åland Islands', 'Visited a site ending in .ax.'),
  ('ach_tld_al', 'tld_al', 'Albania', 'Visited a site ending in .al.'),
  ('ach_tld_dz', 'tld_dz', 'Algeria', 'Visited a site ending in .dz.'),
  ('ach_tld_ad', 'tld_ad', 'Andorra', 'Visited a site ending in .ad.'),
  ('ach_tld_ao', 'tld_ao', 'Angola', 'Visited a site ending in .ao.'),
  ('ach_tld_ag', 'tld_ag', 'Antigua & Barbuda', 'Visited a site ending in .ag.'),
  ('ach_tld_ar', 'tld_ar', 'Argentina', 'Visited a site ending in .ar.'),
  ('ach_tld_am', 'tld_am', 'Armenia', 'Visited a site ending in .am.'),
  ('ach_tld_aw', 'tld_aw', 'Aruba', 'Visited a site ending in .aw.'),
  ('ach_tld_au', 'tld_au', 'Australia', 'Visited a site ending in .au.'),
  ('ach_tld_at', 'tld_at', 'Austria', 'Visited a site ending in .at.'),
  ('ach_tld_az', 'tld_az', 'Azerbaijan', 'Visited a site ending in .az.'),
  ('ach_tld_bs', 'tld_bs', 'Bahamas', 'Visited a site ending in .bs.'),
  ('ach_tld_bh', 'tld_bh', 'Bahrain', 'Visited a site ending in .bh.'),
  ('ach_tld_bd', 'tld_bd', 'Bangladesh', 'Visited a site ending in .bd.'),
  ('ach_tld_bb', 'tld_bb', 'Barbados', 'Visited a site ending in .bb.'),
  ('ach_tld_by', 'tld_by', 'Belarus', 'Visited a site ending in .by.'),
  ('ach_tld_be', 'tld_be', 'Belgium', 'Visited a site ending in .be.'),
  ('ach_tld_bz', 'tld_bz', 'Belize', 'Visited a site ending in .bz.'),
  ('ach_tld_bj', 'tld_bj', 'Benin', 'Visited a site ending in .bj.'),
  ('ach_tld_bt', 'tld_bt', 'Bhutan', 'Visited a site ending in .bt.'),
  ('ach_tld_bo', 'tld_bo', 'Bolivia', 'Visited a site ending in .bo.'),
  ('ach_tld_ba', 'tld_ba', 'Bosnia & Herzegovina', 'Visited a site ending in .ba.'),
  ('ach_tld_bw', 'tld_bw', 'Botswana', 'Visited a site ending in .bw.'),
  ('ach_tld_br', 'tld_br', 'Brazil', 'Visited a site ending in .br.'),
  ('ach_tld_bn', 'tld_bn', 'Brunei', 'Visited a site ending in .bn.'),
  ('ach_tld_bg', 'tld_bg', 'Bulgaria', 'Visited a site ending in .bg.'),
  ('ach_tld_bf', 'tld_bf', 'Burkina Faso', 'Visited a site ending in .bf.'),
  ('ach_tld_bi', 'tld_bi', 'Burundi', 'Visited a site ending in .bi.'),
  ('ach_tld_kh', 'tld_kh', 'Cambodia', 'Visited a site ending in .kh.'),
  ('ach_tld_cm', 'tld_cm', 'Cameroon', 'Visited a site ending in .cm.'),
  ('ach_tld_ca', 'tld_ca', 'Canada', 'Visited a site ending in .ca.'),
  ('ach_tld_cv', 'tld_cv', 'Cape Verde', 'Visited a site ending in .cv.'),
  ('ach_tld_cf', 'tld_cf', 'Central African Republic', 'Visited a site ending in .cf.'),
  ('ach_tld_td', 'tld_td', 'Chad', 'Visited a site ending in .td.'),
  ('ach_tld_cl', 'tld_cl', 'Chile', 'Visited a site ending in .cl.'),
  ('ach_tld_cn', 'tld_cn', 'China', 'Visited a site ending in .cn.'),
  ('ach_tld_co', 'tld_co', 'Colombia', 'Visited a site ending in .co.'),
  ('ach_tld_km', 'tld_km', 'Comoros', 'Visited a site ending in .km.'),
  ('ach_tld_cg', 'tld_cg', 'Congo - Brazzaville', 'Visited a site ending in .cg.'),
  ('ach_tld_cd', 'tld_cd', 'Congo - Kinshasa', 'Visited a site ending in .cd.'),
  ('ach_tld_ck', 'tld_ck', 'Cook Islands', 'Visited a site ending in .ck.'),
  ('ach_tld_cr', 'tld_cr', 'Costa Rica', 'Visited a site ending in .cr.'),
  ('ach_tld_ci', 'tld_ci', 'Côte d’Ivoire', 'Visited a site ending in .ci.'),
  ('ach_tld_hr', 'tld_hr', 'Croatia', 'Visited a site ending in .hr.'),
  ('ach_tld_cu', 'tld_cu', 'Cuba', 'Visited a site ending in .cu.'),
  ('ach_tld_cw', 'tld_cw', 'Curaçao', 'Visited a site ending in .cw.'),
  ('ach_tld_cy', 'tld_cy', 'Cyprus', 'Visited a site ending in .cy.'),
  ('ach_tld_cz', 'tld_cz', 'Czechia', 'Visited a site ending in .cz.'),
  ('ach_tld_dk', 'tld_dk', 'Denmark', 'Visited a site ending in .dk.'),
  ('ach_tld_dj', 'tld_dj', 'Djibouti', 'Visited a site ending in .dj.'),
  ('ach_tld_dm', 'tld_dm', 'Dominica', 'Visited a site ending in .dm.'),
  ('ach_tld_do', 'tld_do', 'Dominican Republic', 'Visited a site ending in .do.'),
  ('ach_tld_ec', 'tld_ec', 'Ecuador', 'Visited a site ending in .ec.'),
  ('ach_tld_eg', 'tld_eg', 'Egypt', 'Visited a site ending in .eg.'),
  ('ach_tld_sv', 'tld_sv', 'El Salvador', 'Visited a site ending in .sv.'),
  ('ach_tld_gq', 'tld_gq', 'Equatorial Guinea', 'Visited a site ending in .gq.'),
  ('ach_tld_er', 'tld_er', 'Eritrea', 'Visited a site ending in .er.'),
  ('ach_tld_ee', 'tld_ee', 'Estonia', 'Visited a site ending in .ee.'),
  ('ach_tld_sz', 'tld_sz', 'Eswatini', 'Visited a site ending in .sz.'),
  ('ach_tld_et', 'tld_et', 'Ethiopia', 'Visited a site ending in .et.'),
  ('ach_tld_fo', 'tld_fo', 'Faroe Islands', 'Visited a site ending in .fo.'),
  ('ach_tld_fj', 'tld_fj', 'Fiji', 'Visited a site ending in .fj.'),
  ('ach_tld_fi', 'tld_fi', 'Finland', 'Visited a site ending in .fi.'),
  ('ach_tld_fr', 'tld_fr', 'France', 'Visited a site ending in .fr.'),
  ('ach_tld_pf', 'tld_pf', 'French Polynesia', 'Visited a site ending in .pf.'),
  ('ach_tld_ga', 'tld_ga', 'Gabon', 'Visited a site ending in .ga.'),
  ('ach_tld_gm', 'tld_gm', 'Gambia', 'Visited a site ending in .gm.'),
  ('ach_tld_ge', 'tld_ge', 'Georgia', 'Visited a site ending in .ge.'),
  ('ach_tld_de', 'tld_de', 'Germany', 'Visited a site ending in .de.'),
  ('ach_tld_gh', 'tld_gh', 'Ghana', 'Visited a site ending in .gh.'),
  ('ach_tld_gr', 'tld_gr', 'Greece', 'Visited a site ending in .gr.'),
  ('ach_tld_gl', 'tld_gl', 'Greenland', 'Visited a site ending in .gl.'),
  ('ach_tld_gd', 'tld_gd', 'Grenada', 'Visited a site ending in .gd.'),
  ('ach_tld_gt', 'tld_gt', 'Guatemala', 'Visited a site ending in .gt.'),
  ('ach_tld_gg', 'tld_gg', 'Guernsey', 'Visited a site ending in .gg.'),
  ('ach_tld_gn', 'tld_gn', 'Guinea', 'Visited a site ending in .gn.'),
  ('ach_tld_gw', 'tld_gw', 'Guinea-Bissau', 'Visited a site ending in .gw.'),
  ('ach_tld_gy', 'tld_gy', 'Guyana', 'Visited a site ending in .gy.'),
  ('ach_tld_ht', 'tld_ht', 'Haiti', 'Visited a site ending in .ht.'),
  ('ach_tld_hn', 'tld_hn', 'Honduras', 'Visited a site ending in .hn.'),
  ('ach_tld_hk', 'tld_hk', 'Hong Kong SAR China', 'Visited a site ending in .hk.'),
  ('ach_tld_hu', 'tld_hu', 'Hungary', 'Visited a site ending in .hu.'),
  ('ach_tld_is', 'tld_is', 'Iceland', 'Visited a site ending in .is.'),
  ('ach_tld_in', 'tld_in', 'India', 'Visited a site ending in .in.'),
  ('ach_tld_id', 'tld_id', 'Indonesia', 'Visited a site ending in .id.'),
  ('ach_tld_ir', 'tld_ir', 'Iran', 'Visited a site ending in .ir.'),
  ('ach_tld_iq', 'tld_iq', 'Iraq', 'Visited a site ending in .iq.'),
  ('ach_tld_ie', 'tld_ie', 'Ireland', 'Visited a site ending in .ie.'),
  ('ach_tld_im', 'tld_im', 'Isle of Man', 'Visited a site ending in .im.'),
  ('ach_tld_il', 'tld_il', 'Israel', 'Visited a site ending in .il.'),
  ('ach_tld_it', 'tld_it', 'Italy', 'Visited a site ending in .it.'),
  ('ach_tld_jm', 'tld_jm', 'Jamaica', 'Visited a site ending in .jm.'),
  ('ach_tld_jp', 'tld_jp', 'Japan', 'Visited a site ending in .jp.'),
  ('ach_tld_je', 'tld_je', 'Jersey', 'Visited a site ending in .je.'),
  ('ach_tld_jo', 'tld_jo', 'Jordan', 'Visited a site ending in .jo.'),
  ('ach_tld_kz', 'tld_kz', 'Kazakhstan', 'Visited a site ending in .kz.'),
  ('ach_tld_ke', 'tld_ke', 'Kenya', 'Visited a site ending in .ke.'),
  ('ach_tld_ki', 'tld_ki', 'Kiribati', 'Visited a site ending in .ki.'),
  ('ach_tld_kw', 'tld_kw', 'Kuwait', 'Visited a site ending in .kw.'),
  ('ach_tld_kg', 'tld_kg', 'Kyrgyzstan', 'Visited a site ending in .kg.'),
  ('ach_tld_la', 'tld_la', 'Laos', 'Visited a site ending in .la.'),
  ('ach_tld_lv', 'tld_lv', 'Latvia', 'Visited a site ending in .lv.'),
  ('ach_tld_lb', 'tld_lb', 'Lebanon', 'Visited a site ending in .lb.'),
  ('ach_tld_ls', 'tld_ls', 'Lesotho', 'Visited a site ending in .ls.'),
  ('ach_tld_lr', 'tld_lr', 'Liberia', 'Visited a site ending in .lr.'),
  ('ach_tld_ly', 'tld_ly', 'Libya', 'Visited a site ending in .ly.'),
  ('ach_tld_li', 'tld_li', 'Liechtenstein', 'Visited a site ending in .li.'),
  ('ach_tld_lt', 'tld_lt', 'Lithuania', 'Visited a site ending in .lt.'),
  ('ach_tld_lu', 'tld_lu', 'Luxembourg', 'Visited a site ending in .lu.'),
  ('ach_tld_mg', 'tld_mg', 'Madagascar', 'Visited a site ending in .mg.'),
  ('ach_tld_mw', 'tld_mw', 'Malawi', 'Visited a site ending in .mw.'),
  ('ach_tld_my', 'tld_my', 'Malaysia', 'Visited a site ending in .my.'),
  ('ach_tld_mv', 'tld_mv', 'Maldives', 'Visited a site ending in .mv.'),
  ('ach_tld_ml', 'tld_ml', 'Mali', 'Visited a site ending in .ml.'),
  ('ach_tld_mt', 'tld_mt', 'Malta', 'Visited a site ending in .mt.'),
  ('ach_tld_mh', 'tld_mh', 'Marshall Islands', 'Visited a site ending in .mh.'),
  ('ach_tld_mr', 'tld_mr', 'Mauritania', 'Visited a site ending in .mr.'),
  ('ach_tld_mu', 'tld_mu', 'Mauritius', 'Visited a site ending in .mu.'),
  ('ach_tld_mx', 'tld_mx', 'Mexico', 'Visited a site ending in .mx.'),
  ('ach_tld_fm', 'tld_fm', 'Micronesia', 'Visited a site ending in .fm.'),
  ('ach_tld_md', 'tld_md', 'Moldova', 'Visited a site ending in .md.'),
  ('ach_tld_mc', 'tld_mc', 'Monaco', 'Visited a site ending in .mc.'),
  ('ach_tld_mn', 'tld_mn', 'Mongolia', 'Visited a site ending in .mn.'),
  ('ach_tld_me', 'tld_me', 'Montenegro', 'Visited a site ending in .me.'),
  ('ach_tld_ma', 'tld_ma', 'Morocco', 'Visited a site ending in .ma.'),
  ('ach_tld_mz', 'tld_mz', 'Mozambique', 'Visited a site ending in .mz.'),
  ('ach_tld_mm', 'tld_mm', 'Myanmar (Burma)', 'Visited a site ending in .mm.'),
  ('ach_tld_na', 'tld_na', 'Namibia', 'Visited a site ending in .na.'),
  ('ach_tld_nr', 'tld_nr', 'Nauru', 'Visited a site ending in .nr.'),
  ('ach_tld_np', 'tld_np', 'Nepal', 'Visited a site ending in .np.'),
  ('ach_tld_nl', 'tld_nl', 'Netherlands', 'Visited a site ending in .nl.'),
  ('ach_tld_nz', 'tld_nz', 'New Zealand', 'Visited a site ending in .nz.'),
  ('ach_tld_ni', 'tld_ni', 'Nicaragua', 'Visited a site ending in .ni.'),
  ('ach_tld_ne', 'tld_ne', 'Niger', 'Visited a site ending in .ne.'),
  ('ach_tld_ng', 'tld_ng', 'Nigeria', 'Visited a site ending in .ng.'),
  ('ach_tld_nu', 'tld_nu', 'Niue', 'Visited a site ending in .nu.'),
  ('ach_tld_kp', 'tld_kp', 'North Korea', 'Visited a site ending in .kp.'),
  ('ach_tld_mk', 'tld_mk', 'North Macedonia', 'Visited a site ending in .mk.'),
  ('ach_tld_no', 'tld_no', 'Norway', 'Visited a site ending in .no.'),
  ('ach_tld_om', 'tld_om', 'Oman', 'Visited a site ending in .om.'),
  ('ach_tld_pk', 'tld_pk', 'Pakistan', 'Visited a site ending in .pk.'),
  ('ach_tld_pw', 'tld_pw', 'Palau', 'Visited a site ending in .pw.'),
  ('ach_tld_ps', 'tld_ps', 'Palestinian Territories', 'Visited a site ending in .ps.'),
  ('ach_tld_pa', 'tld_pa', 'Panama', 'Visited a site ending in .pa.'),
  ('ach_tld_pg', 'tld_pg', 'Papua New Guinea', 'Visited a site ending in .pg.'),
  ('ach_tld_py', 'tld_py', 'Paraguay', 'Visited a site ending in .py.'),
  ('ach_tld_pe', 'tld_pe', 'Peru', 'Visited a site ending in .pe.'),
  ('ach_tld_ph', 'tld_ph', 'Philippines', 'Visited a site ending in .ph.'),
  ('ach_tld_pl', 'tld_pl', 'Poland', 'Visited a site ending in .pl.'),
  ('ach_tld_pt', 'tld_pt', 'Portugal', 'Visited a site ending in .pt.'),
  ('ach_tld_qa', 'tld_qa', 'Qatar', 'Visited a site ending in .qa.'),
  ('ach_tld_ro', 'tld_ro', 'Romania', 'Visited a site ending in .ro.'),
  ('ach_tld_ru', 'tld_ru', 'Russia', 'Visited a site ending in .ru.'),
  ('ach_tld_rw', 'tld_rw', 'Rwanda', 'Visited a site ending in .rw.'),
  ('ach_tld_ws', 'tld_ws', 'Samoa', 'Visited a site ending in .ws.'),
  ('ach_tld_sm', 'tld_sm', 'San Marino', 'Visited a site ending in .sm.'),
  ('ach_tld_st', 'tld_st', 'São Tomé & Príncipe', 'Visited a site ending in .st.'),
  ('ach_tld_sa', 'tld_sa', 'Saudi Arabia', 'Visited a site ending in .sa.'),
  ('ach_tld_sn', 'tld_sn', 'Senegal', 'Visited a site ending in .sn.'),
  ('ach_tld_rs', 'tld_rs', 'Serbia', 'Visited a site ending in .rs.'),
  ('ach_tld_sc', 'tld_sc', 'Seychelles', 'Visited a site ending in .sc.'),
  ('ach_tld_sl', 'tld_sl', 'Sierra Leone', 'Visited a site ending in .sl.'),
  ('ach_tld_sg', 'tld_sg', 'Singapore', 'Visited a site ending in .sg.'),
  ('ach_tld_sx', 'tld_sx', 'Sint Maarten', 'Visited a site ending in .sx.'),
  ('ach_tld_sk', 'tld_sk', 'Slovakia', 'Visited a site ending in .sk.'),
  ('ach_tld_si', 'tld_si', 'Slovenia', 'Visited a site ending in .si.'),
  ('ach_tld_sb', 'tld_sb', 'Solomon Islands', 'Visited a site ending in .sb.'),
  ('ach_tld_so', 'tld_so', 'Somalia', 'Visited a site ending in .so.'),
  ('ach_tld_za', 'tld_za', 'South Africa', 'Visited a site ending in .za.'),
  ('ach_tld_kr', 'tld_kr', 'South Korea', 'Visited a site ending in .kr.'),
  ('ach_tld_ss', 'tld_ss', 'South Sudan', 'Visited a site ending in .ss.'),
  ('ach_tld_es', 'tld_es', 'Spain', 'Visited a site ending in .es.'),
  ('ach_tld_lk', 'tld_lk', 'Sri Lanka', 'Visited a site ending in .lk.'),
  ('ach_tld_kn', 'tld_kn', 'St. Kitts & Nevis', 'Visited a site ending in .kn.'),
  ('ach_tld_lc', 'tld_lc', 'St. Lucia', 'Visited a site ending in .lc.'),
  ('ach_tld_mf', 'tld_mf', 'St. Martin', 'Visited a site ending in .mf.'),
  ('ach_tld_sd', 'tld_sd', 'Sudan', 'Visited a site ending in .sd.'),
  ('ach_tld_sr', 'tld_sr', 'Suriname', 'Visited a site ending in .sr.'),
  ('ach_tld_se', 'tld_se', 'Sweden', 'Visited a site ending in .se.'),
  ('ach_tld_ch', 'tld_ch', 'Switzerland', 'Visited a site ending in .ch.'),
  ('ach_tld_sy', 'tld_sy', 'Syria', 'Visited a site ending in .sy.'),
  ('ach_tld_tw', 'tld_tw', 'Taiwan', 'Visited a site ending in .tw.'),
  ('ach_tld_tj', 'tld_tj', 'Tajikistan', 'Visited a site ending in .tj.'),
  ('ach_tld_tz', 'tld_tz', 'Tanzania', 'Visited a site ending in .tz.'),
  ('ach_tld_th', 'tld_th', 'Thailand', 'Visited a site ending in .th.'),
  ('ach_tld_tl', 'tld_tl', 'Timor-Leste', 'Visited a site ending in .tl.'),
  ('ach_tld_tg', 'tld_tg', 'Togo', 'Visited a site ending in .tg.'),
  ('ach_tld_tk', 'tld_tk', 'Tokelau', 'Visited a site ending in .tk.'),
  ('ach_tld_to', 'tld_to', 'Tonga', 'Visited a site ending in .to.'),
  ('ach_tld_tt', 'tld_tt', 'Trinidad & Tobago', 'Visited a site ending in .tt.'),
  ('ach_tld_tn', 'tld_tn', 'Tunisia', 'Visited a site ending in .tn.'),
  ('ach_tld_tr', 'tld_tr', 'Turkey', 'Visited a site ending in .tr.'),
  ('ach_tld_tm', 'tld_tm', 'Turkmenistan', 'Visited a site ending in .tm.'),
  ('ach_tld_tv', 'tld_tv', 'Tuvalu', 'Visited a site ending in .tv.'),
  ('ach_tld_ug', 'tld_ug', 'Uganda', 'Visited a site ending in .ug.'),
  ('ach_tld_ua', 'tld_ua', 'Ukraine', 'Visited a site ending in .ua.'),
  ('ach_tld_ae', 'tld_ae', 'United Arab Emirates', 'Visited a site ending in .ae.'),
  ('ach_tld_uk', 'tld_uk', 'United Kingdom', 'Visited a site ending in .uk.'),
  ('ach_tld_us', 'tld_us', 'United States', 'Visited a site ending in .us.'),
  ('ach_tld_uy', 'tld_uy', 'Uruguay', 'Visited a site ending in .uy.'),
  ('ach_tld_uz', 'tld_uz', 'Uzbekistan', 'Visited a site ending in .uz.'),
  ('ach_tld_vu', 'tld_vu', 'Vanuatu', 'Visited a site ending in .vu.'),
  ('ach_tld_va', 'tld_va', 'Vatican City', 'Visited a site ending in .va.'),
  ('ach_tld_ve', 'tld_ve', 'Venezuela', 'Visited a site ending in .ve.'),
  ('ach_tld_vn', 'tld_vn', 'Vietnam', 'Visited a site ending in .vn.'),
  ('ach_tld_ye', 'tld_ye', 'Yemen', 'Visited a site ending in .ye.'),
  ('ach_tld_zm', 'tld_zm', 'Zambia', 'Visited a site ending in .zm.'),
  ('ach_tld_zw', 'tld_zw', 'Zimbabwe', 'Visited a site ending in .zw.');
